-- phpMyAdmin SQL Dump
-- version 5.0.2
-- https://www.phpmyadmin.net/
--
-- Хост: 127.0.0.1:3306
-- Время создания: Дек 19 2020 г., 14:18
-- Версия сервера: 10.3.22-MariaDB
-- Версия PHP: 7.3.17

SET SQL_MODE = "NO_AUTO_VALUE_ON_ZERO";
START TRANSACTION;
SET time_zone = "+00:00";


/*!40101 SET @OLD_CHARACTER_SET_CLIENT=@@CHARACTER_SET_CLIENT */;
/*!40101 SET @OLD_CHARACTER_SET_RESULTS=@@CHARACTER_SET_RESULTS */;
/*!40101 SET @OLD_COLLATION_CONNECTION=@@COLLATION_CONNECTION */;
/*!40101 SET NAMES utf8mb4 */;

--
-- База данных: `id15715156_bodies_surfaces`
--

-- --------------------------------------------------------

--
-- Структура таблицы `answers`
--

CREATE TABLE `answers` (
  `id` int(11) NOT NULL COMMENT 'Идентификатор',
  `user_id` int(11) NOT NULL COMMENT 'Автор ответа',
  `task_id` int(11) DEFAULT NULL COMMENT 'Задание',
  `created_dt` datetime NOT NULL DEFAULT current_timestamp() COMMENT 'Дата создание записи',
  `update_dt` datetime NOT NULL DEFAULT current_timestamp() COMMENT 'Дата обновления записи',
  `result` varchar(100) COLLATE utf8mb4_unicode_ci NOT NULL DEFAULT '0' COMMENT 'Ответ'
) ENGINE=InnoDB DEFAULT CHARSET=utf8mb4 COLLATE=utf8mb4_unicode_ci COMMENT='Ответы';

--
-- Дамп данных таблицы `answers`
--

INSERT INTO `answers` (`id`, `user_id`, `task_id`, `created_dt`, `update_dt`, `result`) VALUES
(1, 10, 1, '2020-11-07 20:29:51', '2020-11-07 20:29:51', '60'),
(2, 10, 6, '2020-11-07 22:19:45', '2020-11-07 22:19:45', '51'),
(3, 10, 25, '2020-12-19 14:07:40', '2020-12-19 14:07:40', '60'),
(4, 10, 39, '2020-12-19 14:08:23', '2020-12-19 14:08:23', '540*pi см^2'),
(5, 10, 41, '2020-12-19 14:08:29', '2020-12-19 14:08:29', '540*pi см^2'),
(6, 10, 42, '2020-12-19 14:08:33', '2020-12-19 14:08:33', '540*pi см^2');

-- --------------------------------------------------------

--
-- Структура таблицы `group`
--

CREATE TABLE `group` (
  `id` int(11) NOT NULL COMMENT 'Идентификатор',
  `parent_id` int(11) NOT NULL COMMENT 'Преподаватель',
  `child_id` int(11) NOT NULL COMMENT 'Ученик',
  `created_dt` datetime NOT NULL DEFAULT current_timestamp() COMMENT 'Дата создание записи',
  `update_dt` datetime NOT NULL DEFAULT current_timestamp() COMMENT 'Дата обновления записи'
) ENGINE=InnoDB DEFAULT CHARSET=utf8mb4 COLLATE=utf8mb4_unicode_ci COMMENT='Группы учеников по преподавателям';

--
-- Дамп данных таблицы `group`
--

INSERT INTO `group` (`id`, `parent_id`, `child_id`, `created_dt`, `update_dt`) VALUES
(1, 1, 10, '2020-11-05 22:19:03', '2020-11-05 22:19:03');

-- --------------------------------------------------------

--
-- Структура таблицы `roles`
--

CREATE TABLE `roles` (
  `id` int(11) NOT NULL COMMENT 'Идентификатор',
  `name` varchar(50) COLLATE utf8mb4_unicode_ci NOT NULL COMMENT 'Наименование',
  `created_dt` datetime NOT NULL DEFAULT current_timestamp() COMMENT 'Дата создание записи',
  `update_dt` datetime NOT NULL DEFAULT current_timestamp() COMMENT 'Дата обновления записи'
) ENGINE=InnoDB DEFAULT CHARSET=utf8mb4 COLLATE=utf8mb4_unicode_ci COMMENT='Роли';

--
-- Дамп данных таблицы `roles`
--

INSERT INTO `roles` (`id`, `name`, `created_dt`, `update_dt`) VALUES
(1, 'Учитель', '2020-11-03 21:04:18', '2020-11-03 21:04:18'),
(2, 'Студент', '2020-11-03 21:04:18', '2020-11-03 21:04:18');

-- --------------------------------------------------------

--
-- Структура таблицы `tasks`
--

CREATE TABLE `tasks` (
  `id` int(11) NOT NULL COMMENT 'Идентификатор',
  `text` varchar(500) COLLATE utf8mb4_unicode_ci NOT NULL COMMENT 'Текст задания',
  `answer` varchar(500) COLLATE utf8mb4_unicode_ci NOT NULL COMMENT 'Правильный ответ',
  `user_id` int(11) NOT NULL COMMENT 'Автор задания',
  `created_dt` datetime NOT NULL DEFAULT current_timestamp() COMMENT 'Дата создание записи',
  `update_dt` datetime NOT NULL DEFAULT current_timestamp() COMMENT 'Дата обновления записи',
  `desc` varchar(500) COLLATE utf8mb4_unicode_ci NOT NULL COMMENT 'Решение',
  `arc_x` int(11) DEFAULT 0,
  `arc_y` int(11) DEFAULT 0,
  `arc_radius_x` int(11) DEFAULT 0,
  `arc_radius_y` int(11) DEFAULT 0,
  `arc_h` int(11) DEFAULT 0,
  `xl1` int(11) DEFAULT 0 COMMENT 'Прямая - x',
  `yl1` int(11) DEFAULT 0 COMMENT 'Прямая - y',
  `zl1` int(11) DEFAULT 0 COMMENT 'Прямая - z',
  `xl2` int(11) DEFAULT 0 COMMENT 'Прямая - x',
  `yl2` int(11) DEFAULT 0 COMMENT 'Прямая - y',
  `zl2` int(11) DEFAULT 0 COMMENT 'Прямая - z',
  `xn1` int(11) DEFAULT 0 COMMENT 'Прямая - x',
  `yn1` int(11) DEFAULT 0 COMMENT 'Прямая - y',
  `zn1` int(11) DEFAULT 0 COMMENT 'Прямая - z',
  `xn2` int(11) DEFAULT 0 COMMENT 'Прямая - x',
  `yn2` int(11) DEFAULT 0 COMMENT 'Прямая - y',
  `zn2` int(11) DEFAULT 0 COMMENT 'Прямая - z',
  `xm1` int(11) DEFAULT 0 COMMENT 'Прямая - x',
  `ym1` int(11) DEFAULT 0 COMMENT 'Прямая - y',
  `zm1` int(11) DEFAULT 0 COMMENT 'Прямая - z',
  `xm2` int(11) DEFAULT 0 COMMENT 'Прямая - x',
  `ym2` int(11) DEFAULT 0 COMMENT 'Прямая - y',
  `zm2` int(11) DEFAULT 0 COMMENT 'Прямая - z',
  `xk1` int(11) DEFAULT 0 COMMENT 'Прямая - x',
  `yk1` int(11) DEFAULT 0 COMMENT 'Прямая - y',
  `zk1` int(11) DEFAULT 0 COMMENT 'Прямая - z',
  `xk2` int(11) DEFAULT 0 COMMENT 'Прямая - x',
  `yk2` int(11) DEFAULT 0 COMMENT 'Прямая - y',
  `zk2` int(11) DEFAULT 0 COMMENT 'Прямая - z',
  `xj1` int(11) DEFAULT 0 COMMENT 'Прямая - x',
  `yj1` int(11) DEFAULT 0 COMMENT 'Прямая - y',
  `zj1` int(11) DEFAULT 0 COMMENT 'Прямая - z',
  `xj2` int(11) DEFAULT 0 COMMENT 'Прямая - x',
  `yj2` int(11) DEFAULT 0 COMMENT 'Прямая - y',
  `zj2` int(11) DEFAULT 0 COMMENT 'Прямая - z'
) ENGINE=InnoDB DEFAULT CHARSET=utf8mb4 COLLATE=utf8mb4_unicode_ci COMMENT='Задания';

--
-- Дамп данных таблицы `tasks`
--

INSERT INTO `tasks` (`id`, `text`, `answer`, `user_id`, `created_dt`, `update_dt`, `desc`, `arc_x`, `arc_y`, `arc_radius_x`, `arc_radius_y`, `arc_h`, `xl1`, `yl1`, `zl1`, `xl2`, `yl2`, `zl2`, `xn1`, `yn1`, `zn1`, `xn2`, `yn2`, `zn2`, `xm1`, `ym1`, `zm1`, `xm2`, `ym2`, `zm2`, `xk1`, `yk1`, `zk1`, `xk2`, `yk2`, `zk2`, `xj1`, `yj1`, `zj1`, `xj2`, `yj2`, `zj2`) VALUES
(25, 'Прямоугольная трапеция с основаниями 5 см и 10 см и большой боковой стороной равной 13 см вращается вокруг меньшего основания. \r\nНайдите площадь поверхности тела вращения.', '540*pi см^2', 1, '2020-12-19 13:34:38', '2020-12-19 13:34:38', 'DC=5см, AD=10см, AB=13см\r\nS(тела)=S(бок. кон.)+S(цил, 1 основание)\r\nS(тела)=pi*r*l+2*pi*r*h+pi*r^2;\r\nAK=AD-DC=5см\r\nИз треугольника AKB - прямоугольного по теореме Пифагора\r\nKB=12см-r\r\nAB=1\r\nh=AD=10см\r\nS(тела)=pi*12*13+2*pi12*10+144*pi=540*pi см^2', 0, 0, 1, 5, 3, 0, 0, 0, 0, 12, 0, -5, 12, 0, 0, 7, 0, 5, 12, 0, 0, 7, 0, -5, 0, 0, 5, 0, 0, -5, 12, 0, 5, 12, 0),
(26, 'Прямоугольная трапеция с основаниями 5 см и 10 см и большой боковой стороной равной 13 см вращается вокруг меньшего основания. \r\nНайдите площадь поверхности тела вращения.', '540*pi см^2', 1, '2020-12-19 13:34:38', '2020-12-19 13:34:38', 'DC=5см, AD=10см, AB=13см\r\nS(тела)=S(бок. кон.)+S(цил, 1 основание)\r\nS(тела)=pi*r*l+2*pi*r*h+pi*r^2;\r\nAK=AD-DC=5см\r\nИз треугольника AKB - прямоугольного по теореме Пифагора\r\nKB=12см-r\r\nAB=1\r\nh=AD=10см\r\nS(тела)=pi*12*13+2*pi12*10+144*pi=540*pi см^2', 0, 0, 1, 5, 3, 0, 0, 0, 0, 12, 0, -5, 12, 0, 0, 7, 0, 5, 12, 0, 0, 7, 0, -5, 0, 0, 5, 0, 0, -5, 12, 0, 5, 12, 0),
(27, 'Прямоугольная трапеция с основаниями 5 см и 10 см и большой боковой стороной равной 13 см вращается вокруг меньшего основания. \r\nНайдите площадь поверхности тела вращения.', '540*pi см^2', 2, '2020-12-19 13:34:38', '2020-12-19 13:34:38', 'DC=5см, AD=10см, AB=13см\r\nS(тела)=S(бок. кон.)+S(цил, 1 основание)\r\nS(тела)=pi*r*l+2*pi*r*h+pi*r^2;\r\nAK=AD-DC=5см\r\nИз треугольника AKB - прямоугольного по теореме Пифагора\r\nKB=12см-r\r\nAB=1\r\nh=AD=10см\r\nS(тела)=pi*12*13+2*pi12*10+144*pi=540*pi см^2', 0, 0, 1, 5, 3, 0, 0, 0, 0, 12, 0, -5, 12, 0, 0, 7, 0, 5, 12, 0, 0, 7, 0, -5, 0, 0, 5, 0, 0, -5, 12, 0, 5, 12, 0),
(28, 'Прямоугольная трапеция с основаниями 5 см и 10 см и большой боковой стороной равной 13 см вращается вокруг меньшего основания. \r\nНайдите площадь поверхности тела вращения.', '540*pi см^2', 2, '2020-12-19 13:34:38', '2020-12-19 13:34:38', 'DC=5см, AD=10см, AB=13см\r\nS(тела)=S(бок. кон.)+S(цил, 1 основание)\r\nS(тела)=pi*r*l+2*pi*r*h+pi*r^2;\r\nAK=AD-DC=5см\r\nИз треугольника AKB - прямоугольного по теореме Пифагора\r\nKB=12см-r\r\nAB=1\r\nh=AD=10см\r\nS(тела)=pi*12*13+2*pi12*10+144*pi=540*pi см^2', 0, 0, 1, 5, 3, 0, 0, 0, 0, 12, 0, -5, 12, 0, 0, 7, 0, 5, 12, 0, 0, 7, 0, -5, 0, 0, 5, 0, 0, -5, 12, 0, 5, 12, 0),
(29, 'Прямоугольная трапеция с основаниями 5 см и 10 см и большой боковой стороной равной 13 см вращается вокруг меньшего основания. \r\nНайдите площадь поверхности тела вращения.', '540*pi см^2', 2, '2020-12-19 13:34:38', '2020-12-19 13:34:38', 'DC=5см, AD=10см, AB=13см\r\nS(тела)=S(бок. кон.)+S(цил, 1 основание)\r\nS(тела)=pi*r*l+2*pi*r*h+pi*r^2;\r\nAK=AD-DC=5см\r\nИз треугольника AKB - прямоугольного по теореме Пифагора\r\nKB=12см-r\r\nAB=1\r\nh=AD=10см\r\nS(тела)=pi*12*13+2*pi12*10+144*pi=540*pi см^2', 0, 0, 1, 5, 3, 0, 0, 0, 0, 12, 0, -5, 12, 0, 0, 7, 0, 5, 12, 0, 0, 7, 0, -5, 0, 0, 5, 0, 0, -5, 12, 0, 5, 12, 0),
(30, 'Прямоугольная трапеция с основаниями 5 см и 10 см и большой боковой стороной равной 13 см вращается вокруг меньшего основания. \r\nНайдите площадь поверхности тела вращения.', '540*pi см^2', 1, '2020-12-19 13:34:38', '2020-12-19 13:34:38', 'DC=5см, AD=10см, AB=13см\r\nS(тела)=S(бок. кон.)+S(цил, 1 основание)\r\nS(тела)=pi*r*l+2*pi*r*h+pi*r^2;\r\nAK=AD-DC=5см\r\nИз треугольника AKB - прямоугольного по теореме Пифагора\r\nKB=12см-r\r\nAB=1\r\nh=AD=10см\r\nS(тела)=pi*12*13+2*pi12*10+144*pi=540*pi см^2', 0, 0, 1, 5, 3, 0, 0, 0, 0, 12, 0, -5, 12, 0, 0, 7, 0, 5, 12, 0, 0, 7, 0, -5, 0, 0, 5, 0, 0, -5, 12, 0, 5, 12, 0),
(31, 'Прямоугольная трапеция с основаниями 5 см и 10 см и большой боковой стороной равной 13 см вращается вокруг меньшего основания. \r\nНайдите площадь поверхности тела вращения.', '540*pi см^2', 1, '2020-12-19 13:34:38', '2020-12-19 13:34:38', 'DC=5см, AD=10см, AB=13см\r\nS(тела)=S(бок. кон.)+S(цил, 1 основание)\r\nS(тела)=pi*r*l+2*pi*r*h+pi*r^2;\r\nAK=AD-DC=5см\r\nИз треугольника AKB - прямоугольного по теореме Пифагора\r\nKB=12см-r\r\nAB=1\r\nh=AD=10см\r\nS(тела)=pi*12*13+2*pi12*10+144*pi=540*pi см^2', 0, 0, 1, 5, 3, 0, 0, 0, 0, 12, 0, -5, 12, 0, 0, 7, 0, 5, 12, 0, 0, 7, 0, -5, 0, 0, 5, 0, 0, -5, 12, 0, 5, 12, 0),
(32, 'Прямоугольная трапеция с основаниями 5 см и 10 см и большой боковой стороной равной 13 см вращается вокруг меньшего основания. \r\nНайдите площадь поверхности тела вращения.', '540*pi см^2', 3, '2020-12-19 13:34:38', '2020-12-19 13:34:38', 'DC=5см, AD=10см, AB=13см\r\nS(тела)=S(бок. кон.)+S(цил, 1 основание)\r\nS(тела)=pi*r*l+2*pi*r*h+pi*r^2;\r\nAK=AD-DC=5см\r\nИз треугольника AKB - прямоугольного по теореме Пифагора\r\nKB=12см-r\r\nAB=1\r\nh=AD=10см\r\nS(тела)=pi*12*13+2*pi12*10+144*pi=540*pi см^2', 0, 0, 1, 5, 3, 0, 0, 0, 0, 12, 0, -5, 12, 0, 0, 7, 0, 5, 12, 0, 0, 7, 0, -5, 0, 0, 5, 0, 0, -5, 12, 0, 5, 12, 0),
(33, 'Прямоугольная трапеция с основаниями 5 см и 10 см и большой боковой стороной равной 13 см вращается вокруг меньшего основания. \r\nНайдите площадь поверхности тела вращения.', '540*pi см^2', 3, '2020-12-19 13:34:38', '2020-12-19 13:34:38', 'DC=5см, AD=10см, AB=13см\r\nS(тела)=S(бок. кон.)+S(цил, 1 основание)\r\nS(тела)=pi*r*l+2*pi*r*h+pi*r^2;\r\nAK=AD-DC=5см\r\nИз треугольника AKB - прямоугольного по теореме Пифагора\r\nKB=12см-r\r\nAB=1\r\nh=AD=10см\r\nS(тела)=pi*12*13+2*pi12*10+144*pi=540*pi см^2', 0, 0, 1, 5, 3, 0, 0, 0, 0, 12, 0, -5, 12, 0, 0, 7, 0, 5, 12, 0, 0, 7, 0, -5, 0, 0, 5, 0, 0, -5, 12, 0, 5, 12, 0),
(34, 'Прямоугольная трапеция с основаниями 5 см и 10 см и большой боковой стороной равной 13 см вращается вокруг меньшего основания. \r\nНайдите площадь поверхности тела вращения.', '540*pi см^2', 3, '2020-12-19 13:34:38', '2020-12-19 13:34:38', 'DC=5см, AD=10см, AB=13см\r\nS(тела)=S(бок. кон.)+S(цил, 1 основание)\r\nS(тела)=pi*r*l+2*pi*r*h+pi*r^2;\r\nAK=AD-DC=5см\r\nИз треугольника AKB - прямоугольного по теореме Пифагора\r\nKB=12см-r\r\nAB=1\r\nh=AD=10см\r\nS(тела)=pi*12*13+2*pi12*10+144*pi=540*pi см^2', 0, 0, 1, 5, 3, 0, 0, 0, 0, 12, 0, -5, 12, 0, 0, 7, 0, 5, 12, 0, 0, 7, 0, -5, 0, 0, 5, 0, 0, -5, 12, 0, 5, 12, 0),
(35, 'Прямоугольная трапеция с основаниями 5 см и 10 см и большой боковой стороной равной 13 см вращается вокруг меньшего основания. \r\nНайдите площадь поверхности тела вращения.', '540*pi см^2', 3, '2020-12-19 13:34:38', '2020-12-19 13:34:38', 'DC=5см, AD=10см, AB=13см\r\nS(тела)=S(бок. кон.)+S(цил, 1 основание)\r\nS(тела)=pi*r*l+2*pi*r*h+pi*r^2;\r\nAK=AD-DC=5см\r\nИз треугольника AKB - прямоугольного по теореме Пифагора\r\nKB=12см-r\r\nAB=1\r\nh=AD=10см\r\nS(тела)=pi*12*13+2*pi12*10+144*pi=540*pi см^2', 0, 0, 1, 5, 3, 0, 0, 0, 0, 12, 0, -5, 12, 0, 0, 7, 0, 5, 12, 0, 0, 7, 0, -5, 0, 0, 5, 0, 0, -5, 12, 0, 5, 12, 0),
(36, 'Прямоугольная трапеция с основаниями 5 см и 10 см и большой боковой стороной равной 13 см вращается вокруг меньшего основания. \r\nНайдите площадь поверхности тела вращения.', '540*pi см^2', 3, '2020-12-19 13:34:38', '2020-12-19 13:34:38', 'DC=5см, AD=10см, AB=13см\r\nS(тела)=S(бок. кон.)+S(цил, 1 основание)\r\nS(тела)=pi*r*l+2*pi*r*h+pi*r^2;\r\nAK=AD-DC=5см\r\nИз треугольника AKB - прямоугольного по теореме Пифагора\r\nKB=12см-r\r\nAB=1\r\nh=AD=10см\r\nS(тела)=pi*12*13+2*pi12*10+144*pi=540*pi см^2', 0, 0, 1, 5, 3, 0, 0, 0, 0, 12, 0, -5, 12, 0, 0, 7, 0, 5, 12, 0, 0, 7, 0, -5, 0, 0, 5, 0, 0, -5, 12, 0, 5, 12, 0),
(37, 'Прямоугольная трапеция с основаниями 5 см и 10 см и большой боковой стороной равной 13 см вращается вокруг меньшего основания. \r\nНайдите площадь поверхности тела вращения.', '540*pi см^2', 3, '2020-12-19 13:34:38', '2020-12-19 13:34:38', 'DC=5см, AD=10см, AB=13см\r\nS(тела)=S(бок. кон.)+S(цил, 1 основание)\r\nS(тела)=pi*r*l+2*pi*r*h+pi*r^2;\r\nAK=AD-DC=5см\r\nИз треугольника AKB - прямоугольного по теореме Пифагора\r\nKB=12см-r\r\nAB=1\r\nh=AD=10см\r\nS(тела)=pi*12*13+2*pi12*10+144*pi=540*pi см^2', 0, 0, 1, 5, 3, 0, 0, 0, 0, 12, 0, -5, 12, 0, 0, 7, 0, 5, 12, 0, 0, 7, 0, -5, 0, 0, 5, 0, 0, -5, 12, 0, 5, 12, 0),
(38, 'Прямоугольная трапеция с основаниями 5 см и 10 см и большой боковой стороной равной 13 см вращается вокруг меньшего основания. \r\nНайдите площадь поверхности тела вращения.', '540*pi см^2', 3, '2020-12-19 13:34:38', '2020-12-19 13:34:38', 'DC=5см, AD=10см, AB=13см\r\nS(тела)=S(бок. кон.)+S(цил, 1 основание)\r\nS(тела)=pi*r*l+2*pi*r*h+pi*r^2;\r\nAK=AD-DC=5см\r\nИз треугольника AKB - прямоугольного по теореме Пифагора\r\nKB=12см-r\r\nAB=1\r\nh=AD=10см\r\nS(тела)=pi*12*13+2*pi12*10+144*pi=540*pi см^2', 0, 0, 1, 5, 3, 0, 0, 0, 0, 12, 0, -5, 12, 0, 0, 7, 0, 5, 12, 0, 0, 7, 0, -5, 0, 0, 5, 0, 0, -5, 12, 0, 5, 12, 0),
(39, 'Прямоугольная трапеция с основаниями 5 см и 10 см и большой боковой стороной равной 13 см вращается вокруг меньшего основания. \r\nНайдите площадь поверхности тела вращения.', '540*pi см^2', 1, '2020-12-19 13:34:38', '2020-12-19 13:34:38', 'DC=5см, AD=10см, AB=13см\r\nS(тела)=S(бок. кон.)+S(цил, 1 основание)\r\nS(тела)=pi*r*l+2*pi*r*h+pi*r^2;\r\nAK=AD-DC=5см\r\nИз треугольника AKB - прямоугольного по теореме Пифагора\r\nKB=12см-r\r\nAB=1\r\nh=AD=10см\r\nS(тела)=pi*12*13+2*pi12*10+144*pi=540*pi см^2', 0, 0, 1, 5, 3, 0, 0, 0, 0, 12, 0, -5, 12, 0, 0, 7, 0, 5, 12, 0, 0, 7, 0, -5, 0, 0, 5, 0, 0, -5, 12, 0, 5, 12, 0),
(40, 'Прямоугольная трапеция с основаниями 5 см и 10 см и большой боковой стороной равной 13 см вращается вокруг меньшего основания. \r\nНайдите площадь поверхности тела вращения.', '540*pi см^2', 1, '2020-12-19 13:34:38', '2020-12-19 13:34:38', 'DC=5см, AD=10см, AB=13см\r\nS(тела)=S(бок. кон.)+S(цил, 1 основание)\r\nS(тела)=pi*r*l+2*pi*r*h+pi*r^2;\r\nAK=AD-DC=5см\r\nИз треугольника AKB - прямоугольного по теореме Пифагора\r\nKB=12см-r\r\nAB=1\r\nh=AD=10см\r\nS(тела)=pi*12*13+2*pi12*10+144*pi=540*pi см^2', 0, 0, 1, 5, 3, 0, 0, 0, 0, 12, 0, -5, 12, 0, 0, 7, 0, 5, 12, 0, 0, 7, 0, -5, 0, 0, 5, 0, 0, -5, 12, 0, 5, 12, 0),
(41, 'Прямоугольная трапеция с основаниями 5 см и 10 см и большой боковой стороной равной 13 см вращается вокруг меньшего основания. \r\nНайдите площадь поверхности тела вращения.', '540*pi см^2', 1, '2020-12-19 13:34:38', '2020-12-19 13:34:38', 'DC=5см, AD=10см, AB=13см\r\nS(тела)=S(бок. кон.)+S(цил, 1 основание)\r\nS(тела)=pi*r*l+2*pi*r*h+pi*r^2;\r\nAK=AD-DC=5см\r\nИз треугольника AKB - прямоугольного по теореме Пифагора\r\nKB=12см-r\r\nAB=1\r\nh=AD=10см\r\nS(тела)=pi*12*13+2*pi12*10+144*pi=540*pi см^2', 0, 0, 1, 5, 3, 0, 0, 0, 0, 12, 0, -5, 12, 0, 0, 7, 0, 5, 12, 0, 0, 7, 0, -5, 0, 0, 5, 0, 0, -5, 12, 0, 5, 12, 0),
(42, 'Прямоугольная трапеция с основаниями 5 см и 10 см и большой боковой стороной равной 13 см вращается вокруг меньшего основания. \r\nНайдите площадь поверхности тела вращения.', '540*pi см^2', 1, '2020-12-19 13:34:38', '2020-12-19 13:34:38', 'DC=5см, AD=10см, AB=13см\r\nS(тела)=S(бок. кон.)+S(цил, 1 основание)\r\nS(тела)=pi*r*l+2*pi*r*h+pi*r^2;\r\nAK=AD-DC=5см\r\nИз треугольника AKB - прямоугольного по теореме Пифагора\r\nKB=12см-r\r\nAB=1\r\nh=AD=10см\r\nS(тела)=pi*12*13+2*pi12*10+144*pi=540*pi см^2', 0, 0, 1, 5, 3, 0, 0, 0, 0, 12, 0, -5, 12, 0, 0, 7, 0, 5, 12, 0, 0, 7, 0, -5, 0, 0, 5, 0, 0, -5, 12, 0, 5, 12, 0),
(43, 'Прямоугольная трапеция с основаниями 5 см и 10 см и большой боковой стороной равной 13 см вращается вокруг меньшего основания. \r\nНайдите площадь поверхности тела вращения.', '540*pi см^2', 1, '2020-12-19 13:34:38', '2020-12-19 13:34:38', 'DC=5см, AD=10см, AB=13см\r\nS(тела)=S(бок. кон.)+S(цил, 1 основание)\r\nS(тела)=pi*r*l+2*pi*r*h+pi*r^2;\r\nAK=AD-DC=5см\r\nИз треугольника AKB - прямоугольного по теореме Пифагора\r\nKB=12см-r\r\nAB=1\r\nh=AD=10см\r\nS(тела)=pi*12*13+2*pi12*10+144*pi=540*pi см^2', 0, 0, 1, 5, 3, 0, 0, 0, 0, 12, 0, -5, 12, 0, 0, 7, 0, 5, 12, 0, 0, 7, 0, -5, 0, 0, 5, 0, 0, -5, 12, 0, 5, 12, 0),
(44, 'Прямоугольная трапеция с основаниями 5 см и 10 см и большой боковой стороной равной 13 см вращается вокруг меньшего основания. \r\nНайдите площадь поверхности тела вращения.', '540*pi см^2', 1, '2020-12-19 13:34:38', '2020-12-19 13:34:38', 'DC=5см, AD=10см, AB=13см\r\nS(тела)=S(бок. кон.)+S(цил, 1 основание)\r\nS(тела)=pi*r*l+2*pi*r*h+pi*r^2;\r\nAK=AD-DC=5см\r\nИз треугольника AKB - прямоугольного по теореме Пифагора\r\nKB=12см-r\r\nAB=1\r\nh=AD=10см\r\nS(тела)=pi*12*13+2*pi12*10+144*pi=540*pi см^2', 0, 0, 1, 5, 3, 0, 0, 0, 0, 12, 0, -5, 12, 0, 0, 7, 0, 5, 12, 0, 0, 7, 0, -5, 0, 0, 5, 0, 0, -5, 12, 0, 5, 12, 0),
(45, 'Прямоугольная трапеция с основаниями 5 см и 10 см и большой боковой стороной равной 13 см вращается вокруг меньшего основания. \r\nНайдите площадь поверхности тела вращения.', '540*pi см^2', 1, '2020-12-19 13:34:38', '2020-12-19 13:34:38', 'DC=5см, AD=10см, AB=13см\r\nS(тела)=S(бок. кон.)+S(цил, 1 основание)\r\nS(тела)=pi*r*l+2*pi*r*h+pi*r^2;\r\nAK=AD-DC=5см\r\nИз треугольника AKB - прямоугольного по теореме Пифагора\r\nKB=12см-r\r\nAB=1\r\nh=AD=10см\r\nS(тела)=pi*12*13+2*pi12*10+144*pi=540*pi см^2', 0, 0, 1, 5, 3, 0, 0, 0, 0, 12, 0, -5, 12, 0, 0, 7, 0, 5, 12, 0, 0, 7, 0, -5, 0, 0, 5, 0, 0, -5, 12, 0, 5, 12, 0),
(46, 'Прямоугольная трапеция с основаниями 5 см и 10 см и большой боковой стороной равной 13 см вращается вокруг меньшего основания. \r\nНайдите площадь поверхности тела вращения.', '540*pi см^2', 1, '2020-12-19 13:34:38', '2020-12-19 13:34:38', 'DC=5см, AD=10см, AB=13см\r\nS(тела)=S(бок. кон.)+S(цил, 1 основание)\r\nS(тела)=pi*r*l+2*pi*r*h+pi*r^2;\r\nAK=AD-DC=5см\r\nИз треугольника AKB - прямоугольного по теореме Пифагора\r\nKB=12см-r\r\nAB=1\r\nh=AD=10см\r\nS(тела)=pi*12*13+2*pi12*10+144*pi=540*pi см^2', 0, 0, 1, 5, 3, 0, 0, 0, 0, 12, 0, -5, 12, 0, 0, 7, 0, 5, 12, 0, 0, 7, 0, -5, 0, 0, 5, 0, 0, -5, 12, 0, 5, 12, 0),
(47, 'Прямоугольная трапеция с основаниями 5 см и 10 см и большой боковой стороной равной 13 см вращается вокруг меньшего основания. \r\nНайдите площадь поверхности тела вращения.', '540*pi см^2', 1, '2020-12-19 13:34:38', '2020-12-19 13:34:38', 'DC=5см, AD=10см, AB=13см\r\nS(тела)=S(бок. кон.)+S(цил, 1 основание)\r\nS(тела)=pi*r*l+2*pi*r*h+pi*r^2;\r\nAK=AD-DC=5см\r\nИз треугольника AKB - прямоугольного по теореме Пифагора\r\nKB=12см-r\r\nAB=1\r\nh=AD=10см\r\nS(тела)=pi*12*13+2*pi12*10+144*pi=540*pi см^2', 0, 0, 1, 5, 3, 0, 0, 0, 0, 12, 0, -5, 12, 0, 0, 7, 0, 5, 12, 0, 0, 7, 0, -5, 0, 0, 5, 0, 0, -5, 12, 0, 5, 12, 0),
(48, 'Прямоугольная трапеция с основаниями 5 см и 10 см и большой боковой стороной равной 13 см вращается вокруг меньшего основания. \r\nНайдите площадь поверхности тела вращения.', '540*pi см^2', 1, '2020-12-19 13:34:38', '2020-12-19 13:34:38', 'DC=5см, AD=10см, AB=13см\r\nS(тела)=S(бок. кон.)+S(цил, 1 основание)\r\nS(тела)=pi*r*l+2*pi*r*h+pi*r^2;\r\nAK=AD-DC=5см\r\nИз треугольника AKB - прямоугольного по теореме Пифагора\r\nKB=12см-r\r\nAB=1\r\nh=AD=10см\r\nS(тела)=pi*12*13+2*pi12*10+144*pi=540*pi см^2', 0, 0, 1, 5, 3, 0, 0, 0, 0, 12, 0, -5, 12, 0, 0, 7, 0, 5, 12, 0, 0, 7, 0, -5, 0, 0, 5, 0, 0, -5, 12, 0, 5, 12, 0);

-- --------------------------------------------------------

--
-- Структура таблицы `users`
--

CREATE TABLE `users` (
  `id` int(11) NOT NULL COMMENT 'Идентификатор',
  `email` varchar(150) COLLATE utf8mb4_unicode_ci NOT NULL COMMENT 'Электронный адрес',
  `password` varchar(150) COLLATE utf8mb4_unicode_ci NOT NULL COMMENT 'Пароль для входа в систему',
  `name_first` varchar(300) COLLATE utf8mb4_unicode_ci NOT NULL COMMENT 'Имя пользователя',
  `role` int(11) NOT NULL COMMENT 'Роль пользователя',
  `created_dt` datetime NOT NULL DEFAULT current_timestamp() COMMENT 'Дата создание записи',
  `update_dt` datetime NOT NULL DEFAULT current_timestamp() COMMENT 'Дата обновления записи',
  `name_last` varchar(300) COLLATE utf8mb4_unicode_ci NOT NULL COMMENT 'Фамилия пользователя',
  `phone` bigint(20) DEFAULT NULL COMMENT 'Номер мобильного телефона'
) ENGINE=InnoDB DEFAULT CHARSET=utf8mb4 COLLATE=utf8mb4_unicode_ci COMMENT='Пользователи';

--
-- Дамп данных таблицы `users`
--

INSERT INTO `users` (`id`, `email`, `password`, `name_first`, `role`, `created_dt`, `update_dt`, `name_last`, `phone`) VALUES
(1, 'admin@mail.ru', 'admin', 'Администратор', 1, '2020-11-03 21:50:37', '2020-11-03 21:50:37', 'Иванов', NULL),
(2, 'teacher-2@mail.ru', '123456', 'Петр Петрович', 1, '2020-11-03 21:50:37', '2020-11-03 21:50:37', 'Петров', NULL),
(3, 'teacher-3@mail.ru', '123456', 'Григорий Григорьевич', 1, '2020-11-03 21:50:37', '2020-11-03 21:50:37', 'Григорьев', NULL),
(10, 'student-1@mail.ru', '123456', 'Игорь В.', 2, '2020-11-05 22:19:03', '2020-11-05 22:19:03', 'Иванов', 9874563214),
(12, 'student-2@mail.ru', '123456', 'Петров В.', 2, '2020-11-05 22:19:03', '2020-11-05 22:19:03', 'Иванов', 9874563214),
(13, 'student-3@mail.ru', '123456', 'Цветова К.', 2, '2020-11-05 22:19:03', '2020-11-05 22:19:03', 'Иванов', 9874563214);

--
-- Индексы сохранённых таблиц
--

--
-- Индексы таблицы `answers`
--
ALTER TABLE `answers`
  ADD PRIMARY KEY (`id`),
  ADD KEY `answers_FK` (`user_id`) USING BTREE,
  ADD KEY `answers_FK_task` (`task_id`);

--
-- Индексы таблицы `group`
--
ALTER TABLE `group`
  ADD PRIMARY KEY (`id`),
  ADD KEY `group_FK_student` (`child_id`),
  ADD KEY `group_FK_teacher` (`parent_id`);

--
-- Индексы таблицы `roles`
--
ALTER TABLE `roles`
  ADD PRIMARY KEY (`id`);

--
-- Индексы таблицы `tasks`
--
ALTER TABLE `tasks`
  ADD PRIMARY KEY (`id`),
  ADD KEY `tasks_FK_author` (`user_id`);

--
-- Индексы таблицы `users`
--
ALTER TABLE `users`
  ADD PRIMARY KEY (`id`),
  ADD KEY `users_FK` (`role`);

--
-- AUTO_INCREMENT для сохранённых таблиц
--

--
-- AUTO_INCREMENT для таблицы `answers`
--
ALTER TABLE `answers`
  MODIFY `id` int(11) NOT NULL AUTO_INCREMENT COMMENT 'Идентификатор', AUTO_INCREMENT=7;

--
-- AUTO_INCREMENT для таблицы `group`
--
ALTER TABLE `group`
  MODIFY `id` int(11) NOT NULL AUTO_INCREMENT COMMENT 'Идентификатор', AUTO_INCREMENT=2;

--
-- AUTO_INCREMENT для таблицы `roles`
--
ALTER TABLE `roles`
  MODIFY `id` int(11) NOT NULL AUTO_INCREMENT COMMENT 'Идентификатор', AUTO_INCREMENT=3;

--
-- AUTO_INCREMENT для таблицы `tasks`
--
ALTER TABLE `tasks`
  MODIFY `id` int(11) NOT NULL AUTO_INCREMENT COMMENT 'Идентификатор', AUTO_INCREMENT=49;

--
-- AUTO_INCREMENT для таблицы `users`
--
ALTER TABLE `users`
  MODIFY `id` int(11) NOT NULL AUTO_INCREMENT COMMENT 'Идентификатор', AUTO_INCREMENT=14;

--
-- Ограничения внешнего ключа сохраненных таблиц
--

--
-- Ограничения внешнего ключа таблицы `answers`
--
ALTER TABLE `answers`
  ADD CONSTRAINT `answers_FK_student` FOREIGN KEY (`user_id`) REFERENCES `users` (`id`);

--
-- Ограничения внешнего ключа таблицы `group`
--
ALTER TABLE `group`
  ADD CONSTRAINT `group_FK_student` FOREIGN KEY (`child_id`) REFERENCES `users` (`id`),
  ADD CONSTRAINT `group_FK_teacher` FOREIGN KEY (`parent_id`) REFERENCES `users` (`id`);

--
-- Ограничения внешнего ключа таблицы `tasks`
--
ALTER TABLE `tasks`
  ADD CONSTRAINT `tasks_FK_author` FOREIGN KEY (`user_id`) REFERENCES `users` (`id`);

--
-- Ограничения внешнего ключа таблицы `users`
--
ALTER TABLE `users`
  ADD CONSTRAINT `users_FK` FOREIGN KEY (`role`) REFERENCES `roles` (`id`);
COMMIT;

/*!40101 SET CHARACTER_SET_CLIENT=@OLD_CHARACTER_SET_CLIENT */;
/*!40101 SET CHARACTER_SET_RESULTS=@OLD_CHARACTER_SET_RESULTS */;
/*!40101 SET COLLATION_CONNECTION=@OLD_COLLATION_CONNECTION */;
